Postal Code,Borough,Neighborhood
10101,Nuevo Distrito Nacional,Centro de Los Heroes
10102,Nuevo Distrito Nacional,Mata Hambre
10103,Nuevo Distrito Nacional,Zona Universitaria
10104,Nuevo Distrito Nacional,San Geronimo
10105,Nuevo Distrito Nacional,Ciudad Universitaria
10106,Nuevo Distrito Nacional,Los Robles
10107,Nuevo Distrito Nacional,Esperilla
10107,Nuevo Distrito Nacional,El Vergel
10108,Nuevo Distrito Nacional,Esperilla
10108,Nuevo Distrito Nacional,El Manguito
10109,Nuevo Distrito Nacional,La Julia
10110,Nuevo Distrito Nacional,El Embajador
10111,Nuevo Distrito Nacional,Bella Vista
10112,Nuevo Distrito Nacional,Bella Vista
10113,Nuevo Distrito Nacional,Sarasota
10114,Nuevo Distrito Nacional,Mirador Norte
10115,Nuevo Distrito Nacional,Rocamar
10115,Nuevo Distrito Nacional,El Portal
10115,Nuevo Distrito Nacional,Atala
10116,Nuevo Distrito Nacional,Ciudad Gandera
10116,Nuevo Distrito Nacional,30 de Mayo
10117,Nuevo Distrito Nacional,Hoduras
10117,Nuevo Distrito Nacional,Ensanche La Paz
10118,Nuevo Distrito Nacional,Los Arrecifes
10118,Nuevo Distrito Nacional,El Cacique
10118,Nuevo Distrito Nacional,Costa Brava
10118,Nuevo Distrito Nacional,Antillas
10119,Nuevo Distrito Nacional,Naco
10120,Nuevo Distrito Nacional,La Yuca
10121,Nuevo Distrito Nacional,Arboleda (naco)
10122,Nuevo Distrito Nacional,Naco
10122,Nuevo Distrito Nacional,Centro Olimpico
10123,Nuevo Distrito Nacional,Naco
10124,Nuevo Distrito Nacional,Naco
10125,Nuevo Distrito Nacional,Lopez de Vega
10126,Nuevo Distrito Nacional,Paraiso
10127,Nuevo Distrito Nacional,Piantini
10128,Nuevo Distrito Nacional,Carmelita
10129,Nuevo Distrito Nacional,Urbanizacion Fernandez
10130,Nuevo Distrito Nacional,Los Praditos
10130,Nuevo Distrito Nacional,Julieta Morales
10131,Nuevo Distrito Nacional,Los Prados
10132,Nuevo Distrito Nacional,Los Prados
10133,Nuevo Distrito Nacional,Castellana
10134,Nuevo Distrito Nacional,San Geronimo
10135,Nuevo Distrito Nacional,Urbanizacion Las Praderas
10135,Nuevo Distrito Nacional,Encarnacion
10135,Nuevo Distrito Nacional,Ciudad Moderna
10136,Nuevo Distrito Nacional,Residencial Rosmil
10137,Nuevo Distrito Nacional,Los Restauradores
10138,Nuevo Distrito Nacional,Manganagua
10139,Nuevo Distrito Nacional,Los Millones
10140,Nuevo Distrito Nacional,Los Millones
10141,Nuevo Distrito Nacional,Los Millones
10142,Nuevo Distrito Nacional,Los Millones
10143,Nuevo Distrito Nacional,Estela Marina (los Millones)
10144,Nuevo Distrito Nacional,Los Millones
10145,Nuevo Distrito Nacional,Ensanche Quisqueya
10146,Nuevo Distrito Nacional,Ensanche Quisqueya
10147,Nuevo Distrito Nacional,Evaristo Morales
10148,Nuevo Distrito Nacional,Piantini
10149,Nuevo Distrito Nacional,El Millon
10150,Nuevo Distrito Nacional,Piantini
10201,Nuevo Distrito Nacional,Don Bosco
10202,Nuevo Distrito Nacional,Don Bosco
10203,Nuevo Distrito Nacional,Miraflores
10204,Nuevo Distrito Nacional,Gazcue (plaza de La Cultura)
10205,Nuevo Distrito Nacional,Gazcue
10206,Nuevo Distrito Nacional,Ensanche Independencia
10207,Nuevo Distrito Nacional,La Primavera
10208,Nuevo Distrito Nacional,Ciudad Nueva
10209,Nuevo Distrito Nacional,Ensanche Lugo
10210,Nuevo Distrito Nacional,Zona Colonial
10211,Nuevo Distrito Nacional,San Lazaro
10212,Nuevo Distrito Nacional,San Miguel
10213,Nuevo Distrito Nacional,Borojol
10214,Nuevo Distrito Nacional,Villa Francisca
10215,Nuevo Distrito Nacional,Villa Francisca
10216,Nuevo Distrito Nacional,San Carlos
10217,Nuevo Distrito Nacional,San Carlos
10218,Nuevo Distrito Nacional,Reparto Aguedita (gazcue)
10301,Nuevo Distrito Nacional,Mejoramiento Social
10302,Nuevo Distrito Nacional,San Martin de Porres
10302,Nuevo Distrito Nacional,Maria Auxiliadora
10302,Nuevo Distrito Nacional,La Fuente
10302,Nuevo Distrito Nacional,Guachupita
10303,Nuevo Distrito Nacional,La Cienaga
10304,Nuevo Distrito Nacional,Los Guandules
10304,Nuevo Distrito Nacional,Domingo Savio
10305,Nuevo Distrito Nacional,Maria Auxiliadora
10305,Nuevo Distrito Nacional,Agua Dulce
10305,Nuevo Distrito Nacional,27 de Febrero
10306,Nuevo Distrito Nacional,Mejoramiento Social
10307,Nuevo Distrito Nacional,Villa Maria
10308,Nuevo Distrito Nacional,Villa Consuelo
10309,Nuevo Distrito Nacional,Villa Consuelo
10401,Nuevo Distrito Nacional,Ensanche Luperon
10402,Nuevo Distrito Nacional,Ensanche Espaillat
10403,Nuevo Distrito Nacional,Gualey
10404,Nuevo Distrito Nacional,24 de Abril
10405,Nuevo Distrito Nacional,Simon Bolivar
10406,Nuevo Distrito Nacional,Ensanche Luperon
10407,Nuevo Distrito Nacional,Capotillo
10408,Nuevo Distrito Nacional,La Zurza
10409,Nuevo Distrito Nacional,Villas Agricolas
10410,Nuevo Distrito Nacional,Villas Agricolas
10410,Nuevo Distrito Nacional,La Caridad
10411,Nuevo Distrito Nacional,El Ensanchito
10412,Nuevo Distrito Nacional,Villa Juana
10413,Nuevo Distrito Nacional,Villa Juana
10501,Nuevo Distrito Nacional,Trueva
10501,Nuevo Distrito Nacional,El Caliche
10501,Nuevo Distrito Nacional,Cristo Rey
10502,Nuevo Distrito Nacional,Yaquito
10502,Nuevo Distrito Nacional,Santa Rosa
10502,Nuevo Distrito Nacional,Las Flores
10502,Nuevo Distrito Nacional,La Cuarenta
10503,Nuevo Distrito Nacional,Parque Isabela
10503,Nuevo Distrito Nacional,La Isabela
10504,Nuevo Distrito Nacional,Isabel Villas
10504,Nuevo Distrito Nacional,Cuesta Hermosa III
10504,Nuevo Distrito Nacional,Cuesta Hermosa III
10504,Nuevo Distrito Nacional,Cerros de Arroyo Hondo
10505,Nuevo Distrito Nacional,Urbanizacion Puerta de Hierro
10505,Nuevo Distrito Nacional,Pista de Motocros La Yuca
10505,Nuevo Distrito Nacional,Manzano
10505,Nuevo Distrito Nacional,La Meseta
10505,Nuevo Distrito Nacional,Fundacion
10505,Nuevo Distrito Nacional,Cuesta Brava
10505,Nuevo Distrito Nacional,Buena Vista
10505,Nuevo Distrito Nacional,Arroyo Manzano
10505,Nuevo Distrito Nacional,Arroyo Manzano
10506,Nuevo Distrito Nacional,Altos de Arroyo Hondo II
10507,Nuevo Distrito Nacional,Los Arroyos
10507,Nuevo Distrito Nacional,Lomas de Arroyo Hondo
10507,Nuevo Distrito Nacional,La Puya
10507,Nuevo Distrito Nacional,Cuesta Hermosa
10507,Nuevo Distrito Nacional,Colinas de Arroyo Hondo
10508,Nuevo Distrito Nacional,Los Pinos
10508,Nuevo Distrito Nacional,La Aldaba
10508,Nuevo Distrito Nacional,El Pino
10509,Nuevo Distrito Nacional,La Agustinita
10509,Nuevo Distrito Nacional,Carmen Amelia
10510,Nuevo Distrito Nacional,Viejo Arroyo Hondo
10510,Nuevo Distrito Nacional,Los Caminos
10511,Nuevo Distrito Nacional,La Fe
10512,Nuevo Distrito Nacional,La Fe
10513,Nuevo Distrito Nacional,Ensanche Kennedy
10514,Nuevo Distrito Nacional,Ensanche La Fe
10514,Nuevo Distrito Nacional,Cachiman
10515,Nuevo Distrito Nacional,Barrio Obrero
10516,Nuevo Distrito Nacional,Lanna Gautier
10516,Nuevo Distrito Nacional,La Cementera
10516,Nuevo Distrito Nacional,La Agustina
10601,Nuevo Distrito Nacional,Los Proceres
10601,Nuevo Distrito Nacional,Constelacion
10602,Nuevo Distrito Nacional,Los Jardines del Norte
10603,Nuevo Distrito Nacional,Las Villas
10604,Nuevo Distrito Nacional,Los Rios
10604,Nuevo Distrito Nacional,La Esperanza
10605,Nuevo Distrito Nacional,Cerros de Arroyo Hondo III
10605,Nuevo Distrito Nacional,Altos de Arroyo Hondo III
10605,Nuevo Distrito Nacional,Altos de Arroyo Hondo I
10606,Nuevo Distrito Nacional,Residencial La Yuca
10606,Nuevo Distrito Nacional,Colinas del Seminario
10607,Nuevo Distrito Nacional,Villa Claudia
10607,Nuevo Distrito Nacional,Los Guayabos
10607,Nuevo Distrito Nacional,La Ceiba
10607,Nuevo Distrito Nacional,El Condado
10607,Nuevo Distrito Nacional,Don Honorio
10608,Nuevo Distrito Nacional,Villa Marina
10608,Nuevo Distrito Nacional,Villa Elena
10608,Nuevo Distrito Nacional,Pradera Hermosa
10608,Nuevo Distrito Nacional,Los Pinos
10608,Nuevo Distrito Nacional,Las Colinas
10701,Santo Domingo Oeste,Batey Palmarejo
10701,Santo Domingo Oeste,Colinas del Norte
10701,Santo Domingo Oeste,La Isabela
10701,Santo Domingo Oeste,La Redencion
10701,Santo Domingo Oeste,Lotificacion Vista Verde
10701,Santo Domingo Oeste,Pantoja
10702,Santo Domingo Oeste,Los Angeles
10702,Santo Domingo Oeste,Los Girasoles
10702,Santo Domingo Oeste,Los Peralejos
10702,Santo Domingo Oeste,Palma Real
10702,Santo Domingo Oeste,Reparto Miguelina
10702,Santo Domingo Oeste,Reparto Samaria
10702,Santo Domingo Oeste,Urbanizacion Brisa del Norte
10702,Santo Domingo Oeste,Urbanizacion Palma Real
10801,Santo Domingo Oeste,Barrio Chavon
10801,Santo Domingo Oeste,Barrio La Esperanza
10801,Santo Domingo Oeste,Barrio La Fe
10801,Santo Domingo Oeste,Barrio La Torre
10801,Santo Domingo Oeste,Barrio La Union
10801,Santo Domingo Oeste,El Tamarindo
10801,Santo Domingo Oeste,Invi
10801,Santo Domingo Oeste,Lebron
10801,Santo Domingo Oeste,Los Alcarrizos
10801,Santo Domingo Oeste,Obras Publicas
10802,Santo Domingo Oeste,Barrio Gran Poder de Dios
10802,Santo Domingo Oeste,Barrio La Pina
10802,Santo Domingo Oeste,Barrio Landia
10802,Santo Domingo Oeste,Barrio Paraiso
10802,Santo Domingo Oeste,La Compuerta
10802,Santo Domingo Oeste,La Pinita
10802,Santo Domingo Oeste,Los Alcarrizos III
10802,Santo Domingo Oeste,Los Americanos
10802,Santo Domingo Oeste,Los Libertadores
10802,Santo Domingo Oeste,Valle Encantado
10802,Santo Domingo Oeste,Villa San Felipe
10802,Santo Domingo Oeste,Zona Franca de Los Alcarrizos
10803,Santo Domingo Oeste,24 de Abril
10803,Santo Domingo Oeste,Barrio Las Mercedes
10803,Santo Domingo Oeste,El Chucho
10803,Santo Domingo Oeste,Savica
10803,Santo Domingo Oeste,Urbanizacion Las Mercedes
10803,Santo Domingo Oeste,Varia
10804,Santo Domingo Oeste,Altos del Oeste
10804,Santo Domingo Oeste,El Catorce
10804,Santo Domingo Oeste,La Cienaga
10804,Santo Domingo Oeste,La Concordia
10804,Santo Domingo Oeste,Villas Naco
10805,Santo Domingo Oeste,Barrio Arenoso
10805,Santo Domingo Oeste,Barrio Progreso
10805,Santo Domingo Oeste,Cerros de Palmarejo
10805,Santo Domingo Oeste,Ciudad Codiana
10805,Santo Domingo Oeste,Las Crorias
10805,Santo Domingo Oeste,Nuevo Amanecer
10805,Santo Domingo Oeste,Nuevo Horizonte
10805,Santo Domingo Oeste,Palmarejito
10805,Santo Domingo Oeste,Pueblo Nuevo
10805,Santo Domingo Oeste,Puerto Rico
10805,Santo Domingo Oeste,Urbanizacion San Rafael
10901,Santo Domingo Oeste,El Caliche
10901,Santo Domingo Oeste,Urbanizacion Las Palmas
10901,Santo Domingo Oeste,Urbanizacion Olimpo
10901,Santo Domingo Oeste,Villa Aura
10902,Santo Domingo Oeste,Alameda
10902,Santo Domingo Oeste,Barrio Antillano
10902,Santo Domingo Oeste,Batey Bienvenido
10902,Santo Domingo Oeste,Bella Colina
10902,Santo Domingo Oeste,Buenas Noches
10902,Santo Domingo Oeste,Hato Nuevo
10902,Santo Domingo Oeste,La Venta
10902,Santo Domingo Oeste,Manoguayabo
10902,Santo Domingo Oeste,Residencial Alameda
10902,Santo Domingo Oeste,Residencial Almendra
10902,Santo Domingo Oeste,San Miguel
10902,Santo Domingo Oeste,Villa Peravia
10903,Santo Domingo Oeste,Bayona
10903,Santo Domingo Oeste,Paraiso del Caribe
10903,Santo Domingo Oeste,Rivera del Haina
10903,Santo Domingo Oeste,Villa Nazaret
10904,Santo Domingo Oeste,El Abanico de Herrera
10904,Santo Domingo Oeste,El Palmar
10904,Santo Domingo Oeste,Engome
10904,Santo Domingo Oeste,Ensanche Ivan Guzman Klan
10904,Santo Domingo Oeste,Lotificacion Engombe
10904,Santo Domingo Oeste,Residencial Loyola
10904,Santo Domingo Oeste,Rosa Maria
10905,Santo Domingo Oeste,Ciudad Agraria
10905,Santo Domingo Oeste,Las Caobas
10905,Santo Domingo Oeste,Las Caobitas
11001,Santo Domingo Oeste,Zona Industrial de Herrera
11002,Santo Domingo Oeste,Barrio Enriquillo
11002,Santo Domingo Oeste,Barrio Holguin
11003,Santo Domingo Oeste,Barrio Buenos Aires
11003,Santo Domingo Oeste,Duarte
11003,Santo Domingo Oeste,Juan Pablo Duarte
11003,Santo Domingo Oeste,Las Palmas
11004,Santo Domingo Oeste,Galaxia
11004,Santo Domingo Oeste,La Rosa
11004,Santo Domingo Oeste,Luz Divina
11004,Santo Domingo Oeste,San Francisco
11004,Santo Domingo Oeste,Urbanizacion El Rosal
11005,Santo Domingo Oeste,Barrio Josue
11005,Santo Domingo Oeste,Barrio Libertador
11005,Santo Domingo Oeste,Ensanche Paraiso
11005,Santo Domingo Oeste,Herrera
11101,Santo Domingo Oeste,16 de Agosto
11101,Santo Domingo Oeste,Aesa
11101,Santo Domingo Oeste,Atlantida
11101,Santo Domingo Oeste,Barrio Invi
11102,Santo Domingo Oeste,Buenos Aires Del
11102,Santo Domingo Oeste,Costa Caribe
11102,Santo Domingo Oeste,Gacela
11102,Santo Domingo Oeste,Mirador
11102,Santo Domingo Oeste,Residencial Jose Contreras
11103,Santo Domingo Oeste,Km. 8
11103,Santo Domingo Oeste,Miramar
11103,Santo Domingo Oeste,Nordesa III
11104,Santo Domingo Oeste,Las Acacias
11104,Santo Domingo Oeste,Mar Azul
11105,Santo Domingo Oeste,Dominicanos Ausentes
11105,Santo Domingo Oeste,Jardines del Sur
11105,Santo Domingo Oeste,Km. 7
11105,Santo Domingo Oeste,San Jose
11105,Santo Domingo Oeste,Tropicana
11106,Santo Domingo Oeste,Loteria
11106,Santo Domingo Oeste,Residencial Enriquillo
11106,Santo Domingo Oeste,San Miguel
11107,Santo Domingo Oeste,El Pedregal
11107,Santo Domingo Oeste,Luz Consuelo
11107,Santo Domingo Oeste,Sandra
11107,Santo Domingo Oeste,Sandra I
11108,Santo Domingo Oeste,Los Cacicazgos
11109,Santo Domingo Oeste,Mirador Sur
11110,Santo Domingo Oeste,Los Maestros
11111,Santo Domingo Oeste,Renacimiento
11112,Santo Domingo Oeste,Renacimiento
11112,Santo Domingo Oeste,Urbanizacion Real
11113,Santo Domingo Oeste,Zona Industrial de Herrera
11114,Santo Domingo Oeste,Ensanche Altagracia
11114,Santo Domingo Oeste,Residencial Santo Domingo
11115,Santo Domingo Oeste,Barrio Paraiso
11115,Santo Domingo Oeste,Colinas de Canaan
11115,Santo Domingo Oeste,El Cafe
11116,Santo Domingo Oeste,12 de Haina
11116,Santo Domingo Oeste,Residencial Canaan
11116,Santo Domingo Oeste,Villas del Cafe
11117,Santo Domingo Oeste,Costa Azul
11117,Santo Domingo Oeste,Costa Verde
11117,Santo Domingo Oeste,La Placeta
11117,Santo Domingo Oeste,Manresa
11117,Santo Domingo Oeste,Puerto de Haina
11201,Santo Domingo Norte,El Mamey
11201,Santo Domingo Norte,Haras Nacionales
11201,Santo Domingo Norte,Jardines de Genovena
11201,Santo Domingo Norte,Maranon
11201,Santo Domingo Norte,Reparto Villa Maria
11201,Santo Domingo Norte,Urbanizacion Sarah Gabriela
11201,Santo Domingo Norte,Valle Verde
11201,Santo Domingo Norte,Villa Carmela
11201,Santo Domingo Norte,Villa Mella
11201,Santo Domingo Norte,Villa Nueva
11201,Santo Domingo Norte,Villa Satelite
11201,Santo Domingo Norte,Vista Bella
11202,Santo Domingo Norte,Carlos Alvarez
11202,Santo Domingo Norte,Ensanche Paraiso
11202,Santo Domingo Norte,Maranon II
11202,Santo Domingo Norte,Mata Los Indios
11202,Santo Domingo Norte,Residencial El Dorado
11202,Santo Domingo Norte,Urbanizacion El Remanso
11203,Santo Domingo Norte,Barrio Nuevo
11203,Santo Domingo Norte,Colonia de Los Doctores
11203,Santo Domingo Norte,Maria Isabela
11203,Santo Domingo Norte,Urbanizacion Primavera
11204,Santo Domingo Norte,El Fundo
11204,Santo Domingo Norte,Los Conucos
11204,Santo Domingo Norte,Suriel
11204,Santo Domingo Norte,Urbanizacion Santa Cruz
11205,Santo Domingo Norte,El Torito
11205,Santo Domingo Norte,Isabela
11205,Santo Domingo Norte,Residencial Sol de Luz
11205,Santo Domingo Norte,Santa Cruz
11205,Santo Domingo Norte,Urbanizacion Maximo Gomez
11205,Santo Domingo Norte,Zona Industrial de La Isabela
11206,Santo Domingo Norte,Cerros de Buena Vista I
11206,Santo Domingo Norte,Cerros de Buena Vista II
11206,Santo Domingo Norte,Ceuta
11206,Santo Domingo Norte,De Villa Mella
11206,Santo Domingo Norte,Zona Industrial de Villa Mella
11207,Santo Domingo Norte,Campechito II
11207,Santo Domingo Norte,Cruz Grande
11207,Santo Domingo Norte,El Eden
11207,Santo Domingo Norte,La Antena
11207,Santo Domingo Norte,La Javilla
11207,Santo Domingo Norte,Radiante
11207,Santo Domingo Norte,Reparto Rudima
11301,Santo Domingo Norte,Barrio Norte
11301,Santo Domingo Norte,Guaricanos
11301,Santo Domingo Norte,Modelo
11301,Santo Domingo Norte,Nueva Isabela
11301,Santo Domingo Norte,Proyecto Ciudad
11302,Santo Domingo Norte,Altos del Parque
11302,Santo Domingo Norte,Barrio Hermanas Mirabal
11302,Santo Domingo Norte,Barrio Nuevo
11302,Santo Domingo Norte,Jacagua
11302,Santo Domingo Norte,Las Palmeras
11302,Santo Domingo Norte,Los Casabes
11302,Santo Domingo Norte,Ponce
11302,Santo Domingo Norte,Proyecto Bnv
11401,Santo Domingo Norte,El Majagual
11401,Santo Domingo Norte,Lotes Y Servicios
11402,Santo Domingo Norte,Altos de Chavon
11402,Santo Domingo Norte,Barrio Nuevo
11402,Santo Domingo Norte,Cerros de La Yuca
11402,Santo Domingo Norte,El Milloncito
11402,Santo Domingo Norte,La Mina
11402,Santo Domingo Norte,Residencial Noelia
11402,Santo Domingo Norte,Villa Esperanza
11403,Santo Domingo Norte,Libertad
11403,Santo Domingo Norte,Los Palmares
11403,Santo Domingo Norte,Progreso
11403,Santo Domingo Norte,Urbanizacion Charles de Gaulle
11404,Santo Domingo Norte,2 de Enero
11404,Santo Domingo Norte,Altos de Sabana Perdida
11404,Santo Domingo Norte,Cerros de Sabana Perdida
11404,Santo Domingo Norte,Colinas del Ozama
11404,Santo Domingo Norte,Ensanche Cristal
11404,Santo Domingo Norte,La Barquita
11404,Santo Domingo Norte,Sabana Centro
11404,Santo Domingo Norte,Sabana Perdida
11405,Santo Domingo Norte,Enrriquillo
11405,Santo Domingo Norte,Los Coordinadores
11405,Santo Domingo Norte,Loteria
11405,Santo Domingo Norte,Salome Urena
11405,Santo Domingo Norte,Villa Blanca
11501,Santo Domingo Este,Ensanche Ozama
11502,Santo Domingo Este,Molinuevo
11503,Santo Domingo Este,Ensanche Alma Rosa (lado Oeste)
11503,Santo Domingo Este,Jardines de Alma Rosa
11504,Santo Domingo Este,Ensanche Alma Rosa (lado Este)
11505,Santo Domingo Este,Villa Faro
11506,Santo Domingo Este,Alma Rosa II
11506,Santo Domingo Este,El Rosal
11506,Santo Domingo Este,Ivette
11506,Santo Domingo Este,Urbanizacion Italia
11507,Santo Domingo Este,Ralma
11507,Santo Domingo Este,Savica
11508,Santo Domingo Este,Franconia
11508,Santo Domingo Este,La Esperanza
11508,Santo Domingo Este,Loteria
11508,Santo Domingo Este,Paraiso Oriental
11508,Santo Domingo Este,Urbanizacion Amanda
11508,Santo Domingo Este,Vecinos Unidos
11509,Santo Domingo Este,Alpes I
11509,Santo Domingo Este,Bello Campo
11509,Santo Domingo Este,Hamarap
11509,Santo Domingo Este,Isabel
11509,Santo Domingo Este,Mi Sueno
11509,Santo Domingo Este,Residencial Oriente
11509,Santo Domingo Este,Sol Naciente
11510,Santo Domingo Este,Carolina
11510,Santo Domingo Este,El Brisal
11510,Santo Domingo Este,Mendoza
11510,Santo Domingo Este,Mi Hogar
11510,Santo Domingo Este,Residencial del Este
11511,Santo Domingo Este,Las Palmas
11511,Santo Domingo Este,Reparto Alma Rosa
11512,Santo Domingo Este,Cancino I
11512,Santo Domingo Este,Cancino II
11512,Santo Domingo Este,Duarte
11512,Santo Domingo Este,Los Trinitarios
11512,Santo Domingo Este,Mandinga
11512,Santo Domingo Este,Narcisa
11513,Santo Domingo Este,Cabirma del Este I
11513,Santo Domingo Este,Residencial Lomisa
11514,Santo Domingo Este,Residencial Idalia A I
11515,Santo Domingo Este,El Cachon
11515,Santo Domingo Este,Prados del Cachon
11516,Santo Domingo Este,Cancino
11516,Santo Domingo Este,Lucerna
11517,Santo Domingo Este,Cancino Adentro
11517,Santo Domingo Este,Colinas del Este
11517,Santo Domingo Este,El Cachon de La Rubia
11517,Santo Domingo Este,Residencial Don Oscar
11517,Santo Domingo Este,Vista Hermosa
11518,Santo Domingo Este,Residencial Amapola
11518,Santo Domingo Este,San Pablo II
11519,Santo Domingo Este,Altos de Cancino
11601,Santo Domingo Este,Calero
11601,Santo Domingo Este,Pueblo Nuevo
11602,Santo Domingo Este,La Francia
11602,Santo Domingo Este,Simonico
11602,Santo Domingo Este,Villa Duarte
11603,Santo Domingo Este,Los Molinos
11603,Santo Domingo Este,Parque del Este I
11603,Santo Domingo Este,San Souci
11604,Santo Domingo Este,Faro A Colon
11604,Santo Domingo Este,Maquiteria
11604,Santo Domingo Este,Parque Mirador Este
11604,Santo Domingo Este,Residencial Parque del Este
11605,Santo Domingo Este,Los Tres Ojos
11606,Santo Domingo Este,Las Americas
11606,Santo Domingo Este,Villa Olimpica
11704,Santo Domingo Este,Corales del Sur
11704,Santo Domingo Este,Residencial Teresa
11704,Santo Domingo Este,Tropical del Este
11705,Santo Domingo Este,Arismar
11705,Santo Domingo Este,Los Frailes
11705,Santo Domingo Este,Marbella III
11706,Santo Domingo Este,Los Frailes II
11706,Santo Domingo Este,Reparto Caribe
11706,Santo Domingo Este,San Bartolo
11707,Santo Domingo Este,Lotificacion del Este
11707,Santo Domingo Este,Villa Adela
11707,Santo Domingo Este,Villa Eloisa
11708,Santo Domingo Este,Mirador Este
11801,Santo Domingo Este,Ana Virginia
11801,Santo Domingo Este,Issfapol
11801,Santo Domingo Este,Los Molinos
11801,Santo Domingo Este,Los Trinitarios II
11802,Santo Domingo Este,Ciudad de Los Trabajadores
11802,Santo Domingo Este,Eugenio Maria de Hostos
11802,Santo Domingo Este,Invivienda
11802,Santo Domingo Este,Reparto Villa Carmen
11802,Santo Domingo Este,Trabajadores
11802,Santo Domingo Este,Villa Carmen
11803,Santo Domingo Este,Barrio Brisa de Charles
11803,Santo Domingo Este,Brisa del Eden
11803,Santo Domingo Este,Residencial Clarimar
11803,Santo Domingo Este,San Jose de Mendoza
11804,Santo Domingo Este,Amarilis III
11804,Santo Domingo Este,Nuevo Amanecer
11804,Santo Domingo Este,Residencial Fernandez Oriental
11804,Santo Domingo Este,Residencial Mirador del Este
11805,Santo Domingo Este,Barrio John F. Kennedy
11805,Santo Domingo Este,Buena Ventura II
11805,Santo Domingo Este,Los Restauradores
11805,Santo Domingo Este,Villa Esfuerzo
11806,Santo Domingo Este,Ciudad del Almirante I
11806,Santo Domingo Este,Ciudad del Almirante II
11806,Santo Domingo Este,Zona Franca Industrial de Herrera
11807,Santo Domingo Este,Hainamosa
11807,Santo Domingo Este,Invi Cea
11807,Santo Domingo Este,Invimosa
11807,Santo Domingo Este,Los Pinos
11807,Santo Domingo Este,Nuevo Renacer
11807,Santo Domingo Este,Parque Industrial Nueva Isabela
11807,Santo Domingo Este,Urbanizacion Ana Teresa Balaguer
11808,Santo Domingo Este,Batey La Balsa
11808,Santo Domingo Este,Batey Piragua
11808,Santo Domingo Este,Sabaneta
11809,Santo Domingo Este,Barrio Paraiso
11809,Santo Domingo Este,Cabirma del Este II
11809,Santo Domingo Este,El Tamarindo
11809,Santo Domingo Este,Los Rosales
11809,Santo Domingo Este,Residencial Don Oscar
11901,Santo Domingo Este,La Milagrosa
11901,Santo Domingo Este,Los Mina Sur
11901,Santo Domingo Este,Pidoca
11902,Santo Domingo Este,Felicidad
11902,Santo Domingo Este,San Antonio
11902,Santo Domingo Este,Vietnan
11903,Santo Domingo Este,Katanga
11903,Santo Domingo Este,Los Mina Norte
11904,Santo Domingo Este,Cerros del Ozama
11904,Santo Domingo Este,Francisco Del
11904,Santo Domingo Este,Las Frutas
11904,Santo Domingo Este,Puerto Rico
11904,Santo Domingo Este,Rosario Sanchez
11905,Santo Domingo Este,Los 3 Brazos
11905,Santo Domingo Este,Mil Flores
11906,Santo Domingo Este,Las Enfermeras
11906,Santo Domingo Este,Los Mina Viejo
